"Avengers: Endgame",/movies/?id=marvel2019.htm,"BV",818704783,4662,4/26/2019
"Captain Marvel ",/movies/?id=marvel2018a.htm,"BV",426258348,4310,3/8/2019
"Aladdin (2019)",/movies/?id=disneyfairytale22019.htm,"BV",203136661,4476,5/24/2019
"Us",/movies/?id=untitledjordanpeele.htm,"Uni.",174994025,3743,3/22/2019
"How to Train Your Dragon: The Hidden World",/movies/?id=httyd3.htm,"Uni.",160684260,4286,2/22/2019
"Shazam!",/movies/?id=untitledmovieiv.htm,"WB (NL)",139313450,4306,4/5/2019
"Pokemon Detective Pikachu",/movies/?id=detectivepikachu.htm,"WB",133727172,4248,5/10/2019
"John Wick: Chapter 3 - Parabellum",/movies/?id=johnwick3.htm,"LG/S",130064219,3850,5/17/2019
"Dumbo (2019)",/movies/?id=untitleddisneyfairytalela.htm,"BV",113676429,4259,3/29/2019
"Glass",/movies/?id=universalevent2019.htm,"Uni.",111035005,3844,1/18/2019
"The Upside",/movies/?id=theupside.htm,"STX",108252517,3568,1/11/2019
"The LEGO Movie 2: The Second Part",/movies/?id=warneranimated0518.htm,"WB",105806508,4303,2/8/2019
"Alita: Battle Angel",/movies/?id=alita.htm,"Fox",85710210,3802,2/14/2019
"Tyler Perry's A Madea Family Funeral",/movies/?id=tylerperrysamadeafamilyfuneral.htm,"LGF",73257045,2442,3/1/2019
"Godzilla: King of the Monsters",/movies/?id=godzilla2.htm,"WB",60408502,4108,5/31/2019
"Escape Room",/movies/?id=escaperoom.htm,"Sony",57005601,2717,1/4/2019
"Pet Sematary (2019)",/movies/?id=petsematary2019.htm,"Par.",54724696,3585,4/5/2019
"What Men Want",/movies/?id=whatmenwant.htm,"Par.",54611903,2912,2/8/2019
"The Curse of La Llorona ",/movies/?id=untitlednewline.htm,"WB (NL)",54324652,3372,4/19/2019
"Isn't It Romantic",/movies/?id=isntitromantic.htm,"WB (NL)",48791187,3444,2/13/2019
"Five Feet Apart",/movies/?id=fivefeetapart.htm,"LGF",45729221,2866,3/15/2019
"Wonder Park",/movies/?id=amusementpark.htm,"Par.",45216793,3838,3/15/2019
"A Dog's Way Home",/movies/?id=adogswayhome.htm,"Sony",42004346,3090,1/11/2019
"Little",/movies/?id=little19.htm,"Uni.",40663350,2667,4/12/2019
"Breakthrough",/movies/?id=breakthrough.htm,"Fox",40355742,2913,4/17/2019
"The Intruder (2019) ",/movies/?id=theintruder2019.htm,"SGem",34554670,2231,5/3/2019
"Rocketman",/movies/?id=rocketman19.htm,"Par.",34310148,3610,5/31/2019
"The Hustle",/movies/?id=hathawawilsoncomedy.htm,"UAR",33862142,3077,5/10/2019
"Cold Pursuit",/movies/?id=hardpowder.htm,"LG/S",32138862,2630,2/8/2019
"Dragon Ball Super: Broly",/movies/?id=dragonballzbroly.htm,"FUN",30712119,1267,1/16/2019
"Long Shot",/movies/?id=flarsky.htm,"LG/S",30033986,3230,5/3/2019
"Happy Death Day 2U",/movies/?id=untitledblum2019c.htm,"Uni.",28051045,3212,2/13/2019
"Ma (2019)",/movies/?id=untblum2019d.htm,"Uni.",23611935,2816,5/31/2019
"Fighting with My Family",/movies/?id=fightingwithmyfamily.htm,"MGM",22958583,2855,2/14/2019
"Hellboy (2019)",/movies/?id=hellboy2019.htm,"LG/S",21903748,3303,4/12/2019
"Uglydolls",/movies/?id=uglydolls.htm,"STX",19695311,3652,5/3/2019
"A Dog's Journey",/movies/?id=adogsjourney.htm,"Uni.",19490385,3279,5/17/2019
"Unplanned",/movies/?id=unplanned.htm,"PFR",18104089,1516,3/29/2019
"The Kid Who Would be King",/movies/?id=kidwhowouldbeking.htm,"Fox",16790790,3528,1/25/2019
"Missing Link",/movies/?id=laika2018.htm,"UAR",16610362,3437,4/12/2019
"Booksmart",/movies/?id=booksmart.htm,"UAR",15858278,2518,5/24/2019
"Brightburn",/movies/?id=amesgunnhorror.htm,"SGem",15585623,2607,5/24/2019
"Miss Bala",/movies/?id=missbala.htm,"Sony",15006824,2203,2/1/2019
"The Prodigy",/movies/?id=theprodigy.htm,"Orion",14856291,2530,2/8/2019
"Poms",/movies/?id=poms.htm,"STX",13357284,2750,5/10/2019
"After (2019)",/movies/?id=after2019.htm,"Aviron",12137018,2138,4/12/2019
"Greta",/movies/?id=greta.htm,"Focus",10519425,2417,3/1/2019
"The Best of Enemies",/movies/?id=thebestofenemies2019.htm,"STX",10205616,1705,4/5/2019
"Hotel Mumbai",/movies/?id=hotelmumbai.htm,"BST",9650122,930,3/22/2019
"No Manches Frida 2",/movies/?id=nomanchesfrida2.htm,"PNT",9270920,472,3/15/2019
"Apollo 11",/movies/?id=apollo11.htm,"Neon",8755014,588,3/1/2019
"Serenity (2019)",/movies/?id=serenity2018.htm,"Aviron",8547045,2561,1/25/2019
"Penguins (Disneynature)",/movies/?id=penguinsdisneynature.htm,"BV",7644908,1815,4/17/2019
"Run the Race",/movies/?id=runtherace.htm,"RAtt.",6424420,1075,2/22/2019
"Captive State",/movies/?id=captivestate.htm,"Focus",5958315,2549,3/15/2019
"The Wandering Earth",/movies/?id=thewanderingearth.htm,"CMC",5875487,129,2/5/2019
"Gloria Bell",/movies/?id=gloriabell.htm,"A24",5611123,1127,3/8/2019
"Gully Boy",/movies/?id=gullyboy.htm,"VPD",5566534,270,2/14/2019
"The Mustang",/movies/?id=themustang.htm,"Focus",5043620,527,3/15/2019
"The Sun Is Also a Star",/movies/?id=thesunisalsoastar.htm,"WB",4945455,2073,5/17/2019
"Tolkien",/movies/?id=tolkien.htm,"FoxS",4499893,1501,5/10/2019
"Uri: The Surgical Strike",/movies/?id=urithesurgicalstrike.htm,"PackYourBag",4186168,132,1/11/2019
"Replicas",/movies/?id=replicas.htm,"ENTMP",4046429,2329,1/11/2019
"The Oscar Nominated Short Films 2019",/movies/?id=oscarshortfilms2019.htm,"Shrts.",3531094,415,2/8/2019
"BTS World Tour: Love Yourself in Seoul",/movies/?id=btsseoul.htm,"Fathom",3509917,997,1/26/2019
"The Beach Bum",/movies/?id=thebeachbum.htm,"Neon",3487204,1100,3/29/2019
"Kalank",/movies/?id=kalank.htm,"FIP",2729336,320,4/17/2019
"Everybody Knows",/movies/?id=everybodyknows.htm,"Focus",2660165,283,2/8/2019
"Arctic",/movies/?id=arctic.htm,"BST",2410795,268,2/1/2019
"Gone with the Wind (80th Anniversary)",/movies/?id=gonewiththewind80th.htm,"Fathom",2176120,717,2/28/2019
"Total Dhamaal ",/movies/?id=totaldhamaal.htm,"FIP",2167632,209,2/22/2019
"The Wizard of Oz 80th Anniversary",/movies/?id=wizardofoz80thanniversary.htm,"Fathom",2076020,681,1/27/2019
"Badla",/movies/?id=badla.htm,"Relbig.",1861000,115,3/8/2019
"Biggest Little Farm",/movies/?id=biggestlittlefarm.htm,"Neon",1839486,285,5/10/2019
"The Aftermath",/movies/?id=theaftermath.htm,"FoxS",1618497,344,3/15/2019
"Extreme Job",/movies/?id=extremejob.htm,"CJ",1565885,26,1/25/2019
"The White Crow",/movies/?id=thewhitecrow.htm,"SPC",1525860,365,4/26/2019
"Red Joan",/movies/?id=redjoan.htm,"IFC",1509562,195,4/19/2019
"The Kid (2019)",/movies/?id=thekid2019.htm,"LGF",1508593,268,3/8/2019
"El Chicano",/movies/?id=elchicano.htm,"Briarcliff",1400603,605,5/3/2019
"The Pilgrim's Progress",/movies/?id=thepilgrimsprogress.htm,"Fathom",1294596,758,4/18/2019
"Asterix: The Secret of the Magic Potion",/movies/?id=asterixlesecretdelapotionmagique.htm,"EOne",1271953,76,2/15/2019
"High Life",/movies/?id=highlife.htm,"A24",1225852,146,4/5/2019
"Kingdom Men Rising",/movies/?id=kingdommenrising.htm,"Fathom",1188936,705,4/29/2019
"Los Domirriqueï¿½os 2",/movies/?id=dominirriquenos2.htm,"Spanglish",1187280,82,3/14/2019
"Ek Ladki Ko Dekha Toh Aisa Laga",/movies/?id=ekladkikodekahtohaisalaga.htm,"FIP",1182636,193,2/1/2019
"Luka Chuppi",/movies/?id=lukachuppi.htm,"VPD",1042905,139,3/1/2019
"NOAH The Musical",/movies/?id=noahthemusical.htm,"Fathom",1035603,669,4/9/2019
"Perfect Strangers",/movies/?id=perfectstrangers.htm,"PNT",1014507,132,1/11/2019
"Howl's Moving Castle: 15th Anniverary - Studio Ghibli (2019)",/movies/?id=howlmovingcastle15.htm,"Fathom",865647,748,4/7/2019
"TCM: Steel Magnolias 30th Anniversary",/movies/?id=steelmagnolias30.htm,"Fathom",855421,689,5/19/2019
"Woman at War",/movies/?id=womanatwar.htm,"Magn.",836132,66,3/1/2019
"Climax",/movies/?id=climax.htm,"A24",817339,217,3/1/2019
"Transit",/movies/?id=transit.htm,"MBox",810649,72,3/1/2019
"Chonda Pierce: Unashamed",/movies/?id=chondapierce.htm,"Fathom",787979,783,5/7/2019
"Student of the Year 2",/movies/?id=studentoftheyear2.htm,"FIP",778566,190,5/10/2019
"Patterns of Evidence: The Moses Controversy",/movies/?id=patternsofevidencemosescontroversy.htm,"Fathom",765361,896,3/14/2019
"JONI 75: A Birthday Celebration",/movies/?id=joni75.htm,"Trafalgar",752205,405,2/7/2019
"5/24",/schedule/?view=bydate&release=theatrical&date=2019-05-24&p=.htm,"Indic.",735518,252,5/24/2019
"More than Blue",/movies/?id=morethanblue.htm,"CL",722669,40,3/15/2019
"",undefined,"-",NaN,NaN,/2019
"",undefined,"-",NaN,NaN,/2019
"Black Panther",/movies/?id=marvel2017b.htm,"BV",700059566,4084,2/16/2018
"Avengers: Infinity War",/movies/?id=marvel0518.htm,"BV",678815482,4474,4/27/2018
"Incredibles 2",/movies/?id=theincredibles2.htm,"BV",608581744,4410,6/15/2018
"Jurassic World: Fallen Kingdom",/movies/?id=jurassicworldsequel.htm,"Uni.",417719760,4485,6/22/2018
"Aquaman",/movies/?id=dcfilm0617.htm,"WB",335061807,4184,12/21/2018
"Deadpool 2",/movies/?id=foxmarvel18.htm,"Fox",318491426,4349,5/18/2018
"Dr. Seuss' The Grinch (2018)",/movies/?id=grinch2017.htm,"Uni.",270620950,4141,11/9/2018
"Mission: Impossible - Fallout",/movies/?id=missionimpossible6.htm,"Par.",220159104,4395,7/27/2018
"Ant-Man and the Wasp",/movies/?id=ant-manandthewasp.htm,"BV",216648740,4206,7/6/2018
"Bohemian Rhapsody",/movies/?id=bohemianrhapsody.htm,"Fox",216428042,4000,11/2/2018
"A Star is Born (2018)",/movies/?id=astarisborn2018.htm,"WB",215288866,3904,10/5/2018
"Solo: A Star Wars Story",/movies/?id=untitledhansolostarwarsanthologyfilm.htm,"BV",213767512,4381,5/25/2018
"Venom (2018)",/movies/?id=venom2018.htm,"Sony",213515506,4250,10/5/2018
"Ralph Breaks the Internet",/movies/?id=wreckitralph2.htm,"BV",201091711,4017,11/21/2018
"Spider-Man: Into The Spider-Verse",/movies/?id=animatedspider-man.htm,"Sony",190241310,3813,12/14/2018
"A Quiet Place",/movies/?id=aquietplace.htm,"Par.",188024361,3808,4/6/2018
"Crazy Rich Asians",/movies/?id=crazyrichasians.htm,"WB",174532921,3865,8/15/2018
"Mary Poppins Returns",/movies/?id=disneyliveaction22018.htm,"BV",171958438,4090,12/19/2018
"Hotel Transylvania 3: Summer Vacation",/movies/?id=hoteltransylvania3.htm,"Sony",167510016,4267,7/13/2018
"Fantastic Beasts: The Crimes of Grindelwald",/movies/?id=wbevent2018.htm,"WB",159555901,4163,11/16/2018
"Halloween (2018)",/movies/?id=halloween2018.htm,"Uni.",159342015,3990,10/19/2018
"The Meg",/movies/?id=wbeventfilm2018.htm,"WB",145443742,4118,8/10/2018
"Ocean's 8",/movies/?id=wbeventfilm2018c.htm,"WB",140218711,4145,6/8/2018
"Ready Player One",/movies/?id=readyplayerone.htm,"WB",137690172,4234,3/29/2018
"Bumblebee",/movies/?id=transformers6.htm,"Par.",127195589,3597,12/21/2018
"Mamma Mia! Here We Go Again",/movies/?id=mammamia2.htm,"Uni.",120634935,3514,7/20/2018
"The Nun",/movies/?id=thenun.htm,"WB (NL)",117450119,3876,9/7/2018
"Creed II",/movies/?id=creed2.htm,"MGM",115715889,3752,11/21/2018
"Peter Rabbit",/movies/?id=peterrabbit.htm,"Sony",115253424,3725,2/9/2018
"The Mule",/movies/?id=themule.htm,"WB",103804407,3329,12/14/2018
"The Equalizer 2",/movies/?id=theequalizer2.htm,"Sony",102084362,3388,7/20/2018
"Rampage (2018)",/movies/?id=newlinetentpole2018.htm,"WB (NL)",101028233,4115,4/13/2018
"A Wrinkle in Time",/movies/?id=ladisneyfairytale22018.htm,"BV",100478608,3980,3/9/2018
"Fifty Shades Freed",/movies/?id=fiftyshadesfreed.htm,"Uni.",100407760,3768,2/9/2018
"Disney's Christopher Robin",/movies/?id=disneyfairytale2017.htm,"BV",99215042,3602,8/3/2018
"Green Book",/movies/?id=greenbook.htm,"Uni.",85080171,2648,11/16/2018
"I Can Only Imagine",/movies/?id=icanonlyimagine.htm,"RAtt.",83482352,2894,3/16/2018
"Smallfoot",/movies/?id=smallfoot.htm,"WB",83240103,4131,9/28/2018
"Night School (2018)",/movies/?id=nightschool2018.htm,"Uni.",77339130,3019,9/28/2018
"The First Purge",/movies/?id=purge4.htm,"Uni.",69488745,3038,7/4/2018
"Game Night",/movies/?id=gamenight.htm,"WB (NL)",69179066,3502,2/23/2018
"Book Club",/movies/?id=bookclub.htm,"Par.",68566296,3169,5/18/2018
"The House With A Clock In Its Walls",/movies/?id=thehousewithaclockinitswalls.htm,"Uni.",68549695,3592,9/21/2018
"Skyscraper",/movies/?id=skyscraper.htm,"Uni.",68420120,3822,7/13/2018
"Insidious: The Last Key",/movies/?id=insidious4.htm,"Uni.",67745330,3150,1/5/2018
"Instant Family",/movies/?id=instantfamily.htm,"Par.",67363237,3426,11/16/2018
"Blockers",/movies/?id=unirratedcomedy.htm,"Uni.",60311495,3418,4/6/2018
"Pacific Rim Uprising",/movies/?id=pacificrim2.htm,"Uni.",59874525,3708,3/23/2018
"Tomb Raider",/movies/?id=dcfilm0318.htm,"WB",58250803,3854,3/16/2018
"Maze Runner: The Death Cure",/movies/?id=mazerunner3.htm,"Fox",58032443,3793,1/26/2018
"The Nutcracker and the Four Realms",/movies/?id=nutcrackerandthefourrealms.htm,"BV",54858851,3766,11/2/2018
"Tag",/movies/?id=tag.htm,"WB (NL)",54730625,3382,6/15/2018
"A Simple Favor",/movies/?id=asimplefavor.htm,"LGF",53548586,3102,9/14/2018
"Life of the Party ",/movies/?id=lifeoftheparty.htm,"WB (NL)",53059911,3656,5/11/2018
"The Predator (2018)",/movies/?id=thepredator.htm,"Fox",51024708,4070,9/14/2018
"Overboard (2018)",/movies/?id=overboard2018.htm,"PNT",50316123,2006,5/4/2018
"Sicario: Day of the Soldado",/movies/?id=sicario2.htm,"Sony",50072235,3055,6/29/2018
"BlacKkKlansman",/movies/?id=blackkklansman.htm,"Focus",49275340,1914,8/10/2018
"I Feel Pretty",/movies/?id=ifeelpretty.htm,"STX",48795601,3440,4/20/2018
"Vice",/movies/?id=dickcheneyfilm.htm,"Annapurna",47836282,2534,12/25/2018
"Red Sparrow",/movies/?id=redsparrow.htm,"Fox",46874505,3064,3/2/2018
"Breaking In (2018)",/movies/?id=breakingin2018.htm,"Uni.",46840590,2537,5/11/2018
"Goosebumps 2: Haunted Halloween",/movies/?id=goosebumps2.htm,"Sony",46700633,3723,10/12/2018
"12 Strong",/movies/?id=horsesoldiers2018.htm,"WB",45819713,3018,1/19/2018
"Den of Thieves",/movies/?id=denofthieves.htm,"STX",44947622,2432,1/19/2018
"First Man",/movies/?id=firstman.htm,"Uni.",44936545,3640,10/12/2018
"Hereditary",/movies/?id=a24horrora.htm,"A24",44069456,2998,6/8/2018
"Tyler Perry's Acrimony",/movies/?id=acrimony.htm,"LGF",43549096,2006,3/30/2018
"Sherlock Gnomes",/movies/?id=sherlockgnomes.htm,"Par.",43242871,3662,3/23/2018
"Uncle Drew",/movies/?id=uncledrew.htm,"LG/S",42469946,2742,6/29/2018
"Widows",/movies/?id=widows.htm,"Fox",42402632,2803,11/16/2018
"Truth or Dare",/movies/?id=truthordare2017.htm,"Uni.",41411015,3068,4/13/2018
"Paddington 2",/movies/?id=paddington2.htm,"WB",40891591,3702,1/12/2018
"Love, Simon",/movies/?id=untitledgregberlantifilm.htm,"Fox",40826341,2434,3/16/2018
"Second Act",/movies/?id=secondact.htm,"STX",39282227,2607,12/21/2018
"The Commuter",/movies/?id=thecommuter.htm,"LGF",36343858,2892,1/12/2018
"The 15:17 to Paris",/movies/?id=1517toparis.htm,"WB",36276286,3042,2/9/2018
"Mile 22",/movies/?id=mile22.htm,"STX",36108758,3520,8/17/2018
"Alpha",/movies/?id=sonyeventfilm2017.htm,"Studio 8",35857181,2881,8/17/2018
"Peppermint",/movies/?id=peppermint.htm,"STX",35418723,2980,9/7/2018
"The Favourite",/movies/?id=thefavourite.htm,"FoxS",34366783,1554,11/23/2018
"Death Wish (2018)",/movies/?id=deathwish2017.htm,"MGM",34017028,2882,3/2/2018
"The Spy Who Dumped Me",/movies/?id=thespywhodumpedme.htm,"LGF",33562069,3111,8/3/2018
"Annihilation",/movies/?id=annihilation.htm,"Par.",32732301,2112,2/23/2018
"Isle Of Dogs",/movies/?id=isleofdogs.htm,"FoxS",32015231,1947,3/23/2018
"Nobody's Fool",/movies/?id=untitledtylerperrymovie.htm,"Par.",31713110,2468,11/2/2018
"Adrift",/movies/?id=adrift.htm,"STX",31445012,3015,6/1/2018
"Robin Hood (2018)",/movies/?id=robinhood2018.htm,"LG/S",30824628,2827,11/21/2018
"Super Troopers 2",/movies/?id=supertroopers2.htm,"Fox",30617396,2125,4/20/2018
"Holmes and Watson",/movies/?id=holmeswatson.htm,"Sony",30573626,2780,12/25/2018
"Slender Man",/movies/?id=slenderman.htm,"SGem",30569484,2358,8/10/2018
"Teen Titans Go! To The Movies",/movies/?id=wbanimation62018.htm,"WB",29790236,3188,7/27/2018
"The Hate U Give",/movies/?id=thehateugive.htm,"Fox",29719483,2375,10/5/2018
"Searching",/movies/?id=searching.htm,"SGem",26020957,2009,8/24/2018
"Winchester",/movies/?id=winchester.htm,"LGF",25091816,2480,2/2/2018
"On the Basis of Sex",/movies/?id=onthebasisofsex.htm,"Focus",24622687,1957,12/25/2018
"Strangers: Prey at Night",/movies/?id=strangers2.htm,"Aviron",24586708,2464,3/9/2018
"White Boy Rick",/movies/?id=whiteboyrick.htm,"Studio 8",24011188,2504,9/14/2018
"Won't You Be My Neighbor?",/movies/?id=bemyneighbor.htm,"Focus",22835787,893,6/8/2018
"Overlord",/movies/?id=overlord.htm,"Par.",21704844,2859,11/9/2018
"",undefined,"-",NaN,NaN,/2018
"",undefined,"-",NaN,NaN,/2018
"Star Wars: The Last Jedi",/movies/?id=starwars8.htm,"BV",620181382,4232,12/15/2017
"Beauty and the Beast (2017)",/movies/?id=beautyandthebeast2017.htm,"BV",504014165,4210,3/17/2017
"Wonder Woman",/movies/?id=wonderwoman.htm,"WB",412563408,4165,6/2/2017
"Jumanji: Welcome to the Jungle",/movies/?id=jumanji2016.htm,"Sony",404515480,3849,12/20/2017
"Guardians of the Galaxy Vol. 2",/movies/?id=marvel17a.htm,"BV",389813101,4347,5/5/2017
"Spider-Man: Homecoming",/movies/?id=spiderman2017.htm,"Sony",334201140,4348,7/7/2017
"It",/movies/?id=it.htm,"WB (NL)",327481748,4148,9/8/2017
"Thor: Ragnarok",/movies/?id=marvel2017.htm,"BV",315058289,4080,11/3/2017
"Despicable Me 3",/movies/?id=despicableme3.htm,"Uni.",264624300,4535,6/30/2017
"Justice League",/movies/?id=dcfilm1117.htm,"WB",229024295,4051,11/17/2017
"Logan (2017)",/movies/?id=wolverine2017.htm,"Fox",226277068,4071,3/3/2017
"The Fate of the Furious",/movies/?id=furious8.htm,"Uni.",226008385,4329,4/14/2017
"Coco",/movies/?id=pixar1117.htm,"BV",209726015,3987,11/22/2017
"Dunkirk",/movies/?id=chrisnolan2017.htm,"WB",188045546,4014,7/21/2017
"Get Out",/movies/?id=blumhouse2.htm,"Uni.",176040665,3143,2/24/2017
"The LEGO Batman Movie",/movies/?id=lego2.htm,"WB",175750384,4088,2/10/2017
"The Boss Baby",/movies/?id=bossbaby.htm,"Fox",175003033,3829,3/31/2017
"The Greatest Showman",/movies/?id=greatestshowman.htm,"Fox",174340174,3342,12/20/2017
"Pirates of the Caribbean: Dead Men Tell No Tales",/movies/?id=potc5.htm,"BV",172558876,4276,5/26/2017
"Kong: Skull Island",/movies/?id=legendary2016.htm,"WB",168052812,3846,3/10/2017
"Cars 3",/movies/?id=cars3.htm,"BV",152901115,4256,6/16/2017
"War for the Planet of the Apes",/movies/?id=planetoftheapes16.htm,"Fox",146880162,4100,7/14/2017
"Split",/movies/?id=split2017.htm,"Uni.",138291365,3373,1/20/2017
"Wonder",/movies/?id=wonder.htm,"LGF",132422809,3519,11/17/2017
"Transformers: The Last Knight",/movies/?id=transformers5.htm,"Par.",130168683,4132,6/21/2017
"Girls Trip",/movies/?id=girltrip.htm,"Uni.",115171585,2648,7/21/2017
"Fifty Shades Darker",/movies/?id=fiftyshadesdarker.htm,"Uni.",114581250,3714,2/10/2017
"Baby Driver",/movies/?id=babydriver.htm,"TriS",107825862,3226,6/28/2017
"Pitch Perfect 3",/movies/?id=pitchperfect3.htm,"Uni.",104897530,3468,12/22/2017
"Daddy's Home 2",/movies/?id=daddyshome2.htm,"Par.",104029443,3575,11/10/2017
"Murder on the Orient Express (2017)",/movies/?id=murderorientexpress17.htm,"Fox",102826543,3354,11/10/2017
"Annabelle: Creation",/movies/?id=annabelle2.htm,"WB (NL)",102092201,3565,8/11/2017
"Kingsman: The Golden Circle",/movies/?id=kingsman2.htm,"Fox",100234838,4038,9/22/2017
"Blade Runner 2049",/movies/?id=bladerunnersequel.htm,"WB",92054159,4058,10/6/2017
"John Wick: Chapter Two",/movies/?id=johnwick2.htm,"LG/S",92029184,3113,2/10/2017
"The Emoji Movie",/movies/?id=theemojimovie.htm,"Sony",86089513,4075,7/28/2017
"Power Rangers (2017)",/movies/?id=powerrangers16.htm,"LGF",85364450,3693,3/24/2017
"Ferdinand",/movies/?id=ferdinand.htm,"Fox",84410380,3630,12/15/2017
"The Post",/movies/?id=untitledstevenspielberg.htm,"Fox",81903458,2851,12/22/2017
"The Mummy (2017)",/movies/?id=mummy2016.htm,"Uni.",80227895,4035,6/9/2017
"The Hitman's Bodyguard",/movies/?id=hitmansbodyguard.htm,"LG/S",75468583,3377,8/18/2017
"Alien: Covenant",/movies/?id=alienparadiselost.htm,"Fox",74262031,3772,5/19/2017
"Captain Underpants: The First Epic Movie",/movies/?id=captainunderpants.htm,"Fox",73921000,3529,6/2/2017
"A Bad Moms Christmas",/movies/?id=badmomschristmas.htm,"STX",72110659,3615,11/1/2017
"A Dog's Purpose",/movies/?id=adogspurpose.htm,"Uni.",64508620,3178,1/27/2017
"The Shape of Water",/movies/?id=theshapeofwater.htm,"FoxS",63859435,2341,12/1/2017
"The LEGO Ninjago Movie",/movies/?id=ninjago.htm,"WB",59281555,4047,9/22/2017
"Baywatch",/movies/?id=baywatch.htm,"Par.",58060186,3647,5/25/2017
"The Shack",/movies/?id=theshack.htm,"LG/S",57386418,2888,3/3/2017
"Darkest Hour",/movies/?id=darkesthour2017.htm,"Focus",56468410,1733,11/22/2017
"Happy Death Day",/movies/?id=blumhousehorror2018.htm,"Uni.",55683845,3535,10/13/2017
"Three Billboards Outside Ebbing, Missouri",/movies/?id=threebillboards.htm,"FoxS",54513740,1726,11/10/2017
"Atomic Blonde",/movies/?id=thecoldestcity.htm,"Focus",51687870,3326,7/28/2017
"American Made",/movies/?id=mena.htm,"Uni.",51342000,3098,9/29/2017
"The Dark Tower",/movies/?id=darktower.htm,"Sony",50701325,3451,8/4/2017
"Lady Bird",/movies/?id=ladybird.htm,"A24",48958273,1557,11/3/2017
"Tyler Perry's Boo 2! A Madea Halloween",/movies/?id=amadeahalloween2.htm,"LGF",47319572,2388,10/20/2017
"Snatched",/movies/?id=motherdaughter.htm,"Fox",45852178,3511,5/12/2017
"The Great Wall",/movies/?id=greatwall.htm,"Uni.",45540830,3328,2/17/2017
"Smurfs: The Lost Village",/movies/?id=smurfs3.htm,"Sony",45020282,3610,4/7/2017
"Going in Style (2017)",/movies/?id=goinginsty2017.htm,"WB (NL)",45018541,3076,4/7/2017
"All Eyez on Me",/movies/?id=tupac.htm,"LG/S",44922302,2471,6/16/2017
"xXx: The Return of Xander Cage",/movies/?id=xxx3.htm,"Par.",44898413,3651,1/20/2017
"47 Meters Down",/movies/?id=47metersdown.htm,"ENTMP",44307191,2471,6/16/2017
"The Big Sick",/movies/?id=thebigsick.htm,"LGF",42873127,2597,6/23/2017
"Valerian and the City of a Thousand Planets",/movies/?id=valerian.htm,"STX",41189488,3553,7/21/2017
"The Star",/movies/?id=thelamb.htm,"Sony",40852824,2976,11/17/2017
"Ghost in the Shell (2017)",/movies/?id=ghostintheshell2017.htm,"Par.",40563557,3440,3/31/2017
"King Arthur: Legend of the Sword",/movies/?id=kingarthur2016.htm,"WB",39175066,3702,5/12/2017
"Jigsaw",/movies/?id=saw2017.htm,"LGF",38052832,2941,10/27/2017
"American Assassin",/movies/?id=americanassassin.htm,"LGF",36249674,3154,9/15/2017
"The Foreigner",/movies/?id=theforeigner.htm,"STX",34393507,2515,10/13/2017
"Everything, Everything",/movies/?id=everythingeverything.htm,"WB",34121140,2801,5/19/2017
"Wind River",/movies/?id=windriver.htm,"Wein.",33800859,2890,8/4/2017
"Geostorm",/movies/?id=geostorm.htm,"WB",33700160,3246,10/20/2017
"Monster Trucks",/movies/?id=monstertrucks.htm,"Par.",33370166,3119,1/13/2017
"Fist Fight",/movies/?id=fistfight.htm,"WB (NL)",32187017,3185,2/17/2017
"How to be a Latin Lover",/movies/?id=howtobealatinlover.htm,"PNT",32149404,1203,4/28/2017
"Kidnap (2017)",/movies/?id=kidnap2015.htm,"Aviron",30971040,2418,8/4/2017
"Underworld: Blood Wars",/movies/?id=underworld5.htm,"SGem",30353973,3070,1/6/2017
"The Mountain Between Us",/movies/?id=mountainbetweenus.htm,"Fox",30348555,3259,10/6/2017
"Life (2017)",/movies/?id=life2017.htm,"Sony",30234022,3146,3/24/2017
"I, Tonya",/movies/?id=itonya.htm,"Neon",30014539,1450,12/8/2017
"Hostiles",/movies/?id=hostiles.htm,"ENTMP",29819114,2934,12/22/2017
"Molly's Game",/movies/?id=mollysgame.htm,"STX",28780744,1708,12/25/2017
"The Nut Job 2: Nutty by Nature",/movies/?id=nutjob2.htm,"ORF",28370522,4003,8/11/2017
"Rings",/movies/?id=rings.htm,"Par.",27793018,2931,2/3/2017
"Logan Lucky",/movies/?id=loganlucky.htm,"BST",27780977,3031,8/18/2017
"Home Again",/movies/?id=homeagain.htm,"ORF",27020284,3036,9/8/2017
"Resident Evil: The Final Chapter",/movies/?id=residentevil6.htm,"SGem",26830068,3104,1/27/2017
"The House",/movies/?id=thehouse.htm,"WB (NL)",25584504,3134,6/30/2017
"All the Money in the World",/movies/?id=allthemoneyintheworld.htm,"TriS",25113707,2123,12/25/2017
"Gifted",/movies/?id=gifted.htm,"FoxS",24801212,2215,4/7/2017
"Downsizing",/movies/?id=downsizing.htm,"Par.",24449754,2668,12/22/2017
"The Bye Bye Man",/movies/?id=thebyebyeman.htm,"STX",22395806,2220,1/13/2017
"Victoria and Abdul",/movies/?id=victoriaandabdul.htm,"Focus",22245070,1060,9/22/2017
"Rough Night",/movies/?id=rockthatbody.htm,"Sony",22105643,3162,6/16/2017
"My Little Pony: The Movie",/movies/?id=mylittlepony2017.htm,"LGF",21885107,2528,10/6/2017
"Leap!",/movies/?id=leap.htm,"Wein.",21858070,2705,8/25/2017
"Phantom Thread",/movies/?id=paulthomasanderson2017.htm,"Focus",21198205,1186,12/25/2017
"",undefined,"-",NaN,NaN,/2017
"",undefined,"-",NaN,NaN,/2017
"Rogue One: A Star Wars Story",/movies/?id=starwars2016.htm,"BV",532177324,4157,12/16/2016
"Finding Dory",/movies/?id=pixar2015.htm,"BV",486295561,4305,6/17/2016
"Captain America: Civil War",/movies/?id=marvel2016.htm,"BV",408084349,4226,5/6/2016
"The Secret Life of Pets",/movies/?id=illumination2015.htm,"Uni.",368384330,4381,7/8/2016
"The Jungle Book (2016)",/movies/?id=junglebook2015.htm,"BV",364001123,4144,4/15/2016
"Deadpool",/movies/?id=deadpool2016.htm,"Fox",363070709,3856,2/12/2016
"Zootopia",/movies/?id=disney2016.htm,"BV",341268248,3959,3/4/2016
"Batman v Superman: Dawn of Justice",/movies/?id=superman2015.htm,"WB",330360194,4256,3/25/2016
"Suicide Squad",/movies/?id=dc2016.htm,"WB",325100054,4255,8/5/2016
"Sing",/movies/?id=illumination2016.htm,"Uni.",270395425,4029,12/21/2016
"Moana",/movies/?id=disney1116.htm,"BV",248757044,3875,11/23/2016
"Fantastic Beasts and Where To Find Them",/movies/?id=fantasticbeasts.htm,"WB",234037575,4144,11/18/2016
"Doctor Strange",/movies/?id=marvel716.htm,"BV",232641920,3882,11/4/2016
"Hidden Figures",/movies/?id=hiddenfigures.htm,"Fox",169607287,3416,12/25/2016
"Jason Bourne",/movies/?id=bourne5.htm,"Uni.",162434410,4039,7/29/2016
"Star Trek Beyond",/movies/?id=startrek2016.htm,"Par.",158848340,3928,7/22/2016
"X-Men: Apocalypse",/movies/?id=x-men2016.htm,"Fox",155442489,4153,5/27/2016
"Trolls",/movies/?id=trolls.htm,"Fox",153707064,4066,11/4/2016
"La La Land",/movies/?id=lalaland.htm,"LG/S",151101803,3236,12/9/2016
"Kung Fu Panda 3",/movies/?id=kungfupanda3.htm,"Fox",143528619,3987,1/29/2016
"Ghostbusters (2016)",/movies/?id=ghostbusters2016.htm,"Sony",128350574,3963,7/15/2016
"Central Intelligence",/movies/?id=centralintelligence.htm,"WB (NL)",127440871,3508,6/17/2016
"The Legend of Tarzan",/movies/?id=tarzan2016.htm,"WB",126643061,3591,7/1/2016
"Sully",/movies/?id=sully.htm,"WB",125070033,3955,9/9/2016
"Bad Moms",/movies/?id=untitledlucasmoore.htm,"STX",113257297,3215,7/29/2016
"The Angry Birds Movie",/movies/?id=angrybirds.htm,"Sony",107509366,3932,5/20/2016
"Independence Day: Resurgence",/movies/?id=id42.htm,"Fox",103144286,4130,6/24/2016
"The Conjuring 2",/movies/?id=conjuring2.htm,"WB (NL)",102470008,3356,6/10/2016
"Arrival",/movies/?id=arrival2016.htm,"Par.",100546139,3115,11/11/2016
"Passengers (2016)",/movies/?id=passengers2016.htm,"Sony",100014699,3478,12/21/2016
"Sausage Party",/movies/?id=sausageparty.htm,"Sony",97685686,3135,8/12/2016
"The Magnificent Seven (2016)",/movies/?id=themagnificentseven.htm,"Sony",93432655,3696,9/23/2016
"Ride Along 2",/movies/?id=ridealong2.htm,"Uni.",91221830,3192,1/15/2016
"Don't Breathe",/movies/?id=dontbreathe.htm,"SGem",89217875,3384,8/26/2016
"Miss Peregrine's Home for Peculiar Children",/movies/?id=peregrine.htm,"Fox",87242834,3835,9/30/2016
"The Accountant",/movies/?id=theaccountant.htm,"WB",86260045,3402,10/14/2016
"Teenage Mutant Ninja Turtles: Out of the Shadows",/movies/?id=tmnt2016.htm,"Par.",82051601,4071,6/3/2016
"The Purge: Election Year",/movies/?id=purge3.htm,"Uni.",79213375,2821,7/1/2016
"Alice Through the Looking Glass",/movies/?id=alice2.htm,"BV",77041381,3763,5/27/2016
"Pete's Dragon (2016)",/movies/?id=petesdragon2016.htm,"BV",76233151,3702,8/12/2016
"The Girl on the Train (2016)",/movies/?id=thegirlonthetrain2016.htm,"Uni.",75395035,3241,10/7/2016
"Boo! A Madea Halloween",/movies/?id=booamadeahalloween.htm,"LGF",73206343,2299,10/21/2016
"Storks",/movies/?id=storks.htm,"WB",72679278,3922,9/23/2016
"10 Cloverfield Lane",/movies/?id=badrobot2016.htm,"Par.",72082998,3427,3/11/2016
"Lights Out",/movies/?id=newline0116.htm,"WB (NL)",67268835,2835,7/22/2016
"Hacksaw Ridge",/movies/?id=hacksawridge.htm,"LGF",67209615,2971,11/4/2016
"The Divergent Series: Allegiant",/movies/?id=allegiant.htm,"LG/S",66184051,3740,3/18/2016
"Now You See Me 2",/movies/?id=nowyouseeme2.htm,"LG/S",65075540,3232,6/10/2016
"Ice Age: Collision Course",/movies/?id=iceage5.htm,"Fox",64063008,3997,7/22/2016
"The Boss",/movies/?id=michelledarnell.htm,"Uni.",63285885,3495,4/8/2016
"London Has Fallen",/movies/?id=londonhasfallen.htm,"Focus",62524260,3492,3/4/2016
"Miracles from Heaven",/movies/?id=miraclesfromheaven.htm,"TriS",61705123,3155,3/16/2016
"Deepwater Horizon",/movies/?id=deepwaterhorizon.htm,"LG/S",61433527,3403,9/30/2016
"Why Him?",/movies/?id=whyhim.htm,"Fox",60323786,3008,12/23/2016
"My Big Fat Greek Wedding 2",/movies/?id=mybigfatgreekwedding2.htm,"Uni.",59689605,3179,3/25/2016
"Jack Reacher: Never Go Back",/movies/?id=jackreacher2.htm,"Par.",58697076,3780,10/21/2016
"Fences",/movies/?id=fences.htm,"Par.",57682904,2368,12/16/2016
"Me Before You",/movies/?id=mebeforeyou.htm,"WB (NL)",56245075,2762,6/3/2016
"The BFG",/movies/?id=bfg.htm,"BV",55483770,3392,7/1/2016
"Neighbors 2: Sorority Rising",/movies/?id=universalcomedy2016.htm,"Uni.",55455765,3416,5/20/2016
"The Shallows",/movies/?id=theshallows.htm,"Sony",55124043,2962,6/24/2016
"Office Christmas Party",/movies/?id=officechristmasparty.htm,"Par.",54767494,3210,12/9/2016
"Assassin's Creed",/movies/?id=assassinscreed.htm,"Fox",54647948,2996,12/21/2016
"Barbershop: The Next Cut",/movies/?id=barbershop3.htm,"WB (NL)",54030051,2676,4/15/2016
"13 Hours: The Secret Soldiers of Benghazi",/movies/?id=13hoursthesecretsoldiersofbenghazi.htm,"Par.",52853219,2917,1/15/2016
"Lion",/movies/?id=lion.htm,"Wein.",51738905,1802,11/25/2016
"The Huntsman: Winter's War",/movies/?id=huntsman.htm,"Uni.",48390190,3802,4/22/2016
"Kubo and the Two Strings",/movies/?id=kuboandthetwostrings.htm,"Focus",48023088,3279,8/19/2016
"Manchester by the Sea",/movies/?id=manchesterbythesea.htm,"RAtt.",47695371,1213,11/18/2016
"Warcraft",/movies/?id=warcraft.htm,"Uni.",47365290,3406,6/10/2016
"How to Be Single",/movies/?id=howtobesingle.htm,"WB (NL)",46843513,3357,2/12/2016
"Mike and Dave Need Wedding Dates",/movies/?id=mikeanddave.htm,"Fox",46009673,3008,7/8/2016
"War Dogs",/movies/?id=armsandthedudes.htm,"WB",43034523,3258,8/19/2016
"Almost Christmas",/movies/?id=ameyerschristmas.htm,"Uni.",42158780,2379,11/11/2016
"Money Monster",/movies/?id=moneymonster.htm,"TriS",41012075,3104,5/13/2016
"Allied",/movies/?id=pittcotillard.htm,"Par.",40098064,3160,11/23/2016
"Nerve",/movies/?id=nerve.htm,"LGF",38583626,2538,7/27/2016
"Risen",/movies/?id=risen.htm,"Sony",36880033,2915,2/19/2016
"The Nice Guys",/movies/?id=niceguys.htm,"WB",36261763,2865,5/20/2016
"The Boy (2016)",/movies/?id=boy2016.htm,"STX",35819556,2671,1/22/2016
"Dirty Grandpa",/movies/?id=dirtygrandpa.htm,"LGF",35593113,2912,1/22/2016
"Ouija: Origin of Evil",/movies/?id=blumhouse3.htm,"Uni.",35144505,3168,10/21/2016
"The 5th Wave",/movies/?id=5thwave.htm,"Sony",34916787,2908,1/22/2016
"Inferno",/movies/?id=inferno2015.htm,"Sony",34343574,3576,10/28/2016
"Mother's Day",/movies/?id=mothersday.htm,"ORF",32492859,3291,4/29/2016
"Patriots Day",/movies/?id=patriotsday.htm,"LGF",31886361,3120,12/21/2016
"Gods of Egypt",/movies/?id=godsofegypt.htm,"LG/S",31153464,3117,2/26/2016
"Collateral Beauty",/movies/?id=collateralbeauty.htm,"WB (NL)",31016021,3028,12/16/2016
"Hail, Caesar!",/movies/?id=hailcaesar.htm,"Uni.",30498085,2248,2/5/2016
"When the Bough Breaks",/movies/?id=whentheboughbreaks.htm,"SGem",29747603,2246,9/9/2016
"Zoolander 2",/movies/?id=zoolander2.htm,"Par.",28848693,3418,2/12/2016
"Moonlight (2016)",/movies/?id=moonlight2016.htm,"A24",27854932,1564,10/21/2016
"The Finest Hours",/movies/?id=finesthours.htm,"BV",27569558,3143,1/29/2016
"Florence Foster Jenkins",/movies/?id=florencefosterjenkins.htm,"Par.",27383770,1528,8/12/2016
"Hell or High Water",/movies/?id=hellorhighwater.htm,"LGF",27007844,1505,8/12/2016
"The Forest",/movies/?id=forest.htm,"Focus",26594261,2509,1/8/2016
"Ben-Hur (2016)",/movies/?id=benhur2016.htm,"Par.",26410477,3084,8/19/2016
"The Witch",/movies/?id=thewitch.htm,"A24",25138705,2204,2/19/2016
"Bridget Jones's Baby",/movies/?id=bridgetjonessbaby.htm,"Uni.",24252420,2930,9/16/2016
"Kevin Hart: What Now?",/movies/?id=kevinhart2016.htm,"Uni.",23591043,2567,10/14/2016
"",undefined,"-",NaN,NaN,/2016
"",undefined,"-",NaN,NaN,/2016
"Star Wars: The Force Awakens",/movies/?id=starwars7.htm,"BV",936662225,4134,12/18/2015
"Jurassic World",/movies/?id=jurassicpark4.htm,"Uni.",652270625,4291,6/12/2015
"Avengers: Age of Ultron",/movies/?id=avengers2.htm,"BV",459005868,4276,5/1/2015
"Inside Out",/movies/?id=pixar2014.htm,"BV",356461711,4158,6/19/2015
"Furious 7",/movies/?id=fast7.htm,"Uni.",353007020,4022,4/3/2015
"Minions",/movies/?id=minions.htm,"Uni.",336045770,4311,7/10/2015
"The Hunger Games: Mockingjay - Part 2",/movies/?id=hungergames4.htm,"LGF",281723902,4175,11/20/2015
"The Martian",/movies/?id=scott2016.htm,"Fox",228433663,3854,10/2/2015
"Cinderella (2015)",/movies/?id=cinderella2015.htm,"BV",201151353,3848,3/13/2015
"Spectre",/movies/?id=bond24.htm,"Sony",200074609,3929,11/6/2015
"Mission: Impossible - Rogue Nation",/movies/?id=mi5.htm,"Par.",195042377,3988,7/31/2015
"Pitch Perfect 2",/movies/?id=pitchperfect2.htm,"Uni.",184296230,3660,5/15/2015
"The Revenant",/movies/?id=revenant.htm,"Fox",183637894,3711,12/25/2015
"Ant-Man",/movies/?id=antman.htm,"BV",180202163,3868,7/17/2015
"Home (2015)",/movies/?id=happysmekday.htm,"Fox",177397510,3801,3/27/2015
"Hotel Transylvania 2",/movies/?id=hoteltransylvania2.htm,"Sony",169700110,3768,9/25/2015
"Fifty Shades of Grey",/movies/?id=fiftyshadesofgrey.htm,"Uni.",166167230,3655,2/13/2015
"The SpongeBob Movie: Sponge Out of Water",/movies/?id=spongebob2.htm,"Par.",162994032,3680,2/6/2015
"Straight Outta Compton",/movies/?id=straightouttacompton.htm,"Uni.",161197785,3142,8/14/2015
"San Andreas",/movies/?id=sanandreas.htm,"WB (NL)",155190832,3812,5/29/2015
"Mad Max: Fury Road",/movies/?id=furyroad.htm,"WB",153636354,3722,5/15/2015
"Daddy's Home",/movies/?id=daddyshome.htm,"Par.",150357137,3483,12/25/2015
"The Divergent Series: Insurgent",/movies/?id=insurgent.htm,"LG/S",130179072,3875,3/20/2015
"The Peanuts Movie",/movies/?id=peanuts2015.htm,"Fox",130178411,3902,11/6/2015
"Kingsman: The Secret Service",/movies/?id=secretservice.htm,"Fox",128261724,3282,2/13/2015
"The Good Dinosaur",/movies/?id=pixar2013.htm,"BV",123087120,3749,11/25/2015
"Spy",/movies/?id=susancooper.htm,"Fox",110825712,3715,6/5/2015
"Trainwreck",/movies/?id=trainwreck15.htm,"Uni.",110212700,3171,7/17/2015
"Creed",/movies/?id=creed.htm,"WB (NL)",109767581,3502,11/25/2015
"Tomorrowland",/movies/?id=1952.htm,"BV",93436322,3972,5/22/2015
"Get Hard",/movies/?id=gethard.htm,"WB",90411453,3212,3/27/2015
"Terminator: Genisys",/movies/?id=terminator2015.htm,"Par.",89760956,3783,7/1/2015
"Taken 3",/movies/?id=taken3.htm,"Fox",89256424,3594,1/9/2015
"Sisters",/movies/?id=nest.htm,"Uni.",87044645,2978,12/18/2015
"Alvin and the Chipmunks: The Road Chip",/movies/?id=alvin4.htm,"Fox",85886987,3705,12/18/2015
"Maze Runner: The Scorch Trials",/movies/?id=mazerunner2.htm,"Fox",81697192,3792,9/18/2015
"Ted 2",/movies/?id=ted2.htm,"Uni.",81476385,3448,6/26/2015
"Goosebumps",/movies/?id=goosebumps.htm,"Sony",80080379,3618,10/16/2015
"Pixels",/movies/?id=pixels.htm,"Sony",78747585,3723,7/24/2015
"Paddington",/movies/?id=paddington.htm,"W/Dim.",76271832,3355,1/16/2015
"The Intern",/movies/?id=intern.htm,"WB",75764672,3320,9/25/2015
"Bridge of Spies",/movies/?id=coldwar2015.htm,"BV",72313754,2873,10/16/2015
"Paul Blart: Mall Cop 2",/movies/?id=paulblart2.htm,"Sony",71038190,3633,4/17/2015
"The Big Short",/movies/?id=bigshort.htm,"Par.",70259870,2529,12/11/2015
"War Room",/movies/?id=warroom2015.htm,"TriS",67790117,1945,8/28/2015
"Magic Mike XXL",/movies/?id=magicmike2.htm,"WB",66013057,3376,7/1/2015
"The Visit",/movies/?id=blumhouse2015.htm,"Uni.",65206105,3148,9/11/2015
"The Wedding Ringer",/movies/?id=kevinhart15.htm,"SGem",64460211,3003,1/16/2015
"Black Mass",/movies/?id=whiteybulger15.htm,"WB",62575678,3188,9/18/2015
"Vacation",/movies/?id=newline15.htm,"WB (NL)",58884188,3430,7/29/2015
"The Perfect Guy",/movies/?id=perfectguy.htm,"SGem",57027435,2230,9/11/2015
"Joy",/movies/?id=joy.htm,"Fox",56451232,2924,12/25/2015
"Fantastic Four",/movies/?id=fantasticfour15.htm,"Fox",56117548,4004,8/7/2015
"The Hateful Eight",/movies/?id=thehatefuleight.htm,"Wein.",54117416,2938,12/25/2015
"Focus (2015)",/movies/?id=focus2015.htm,"WB",53862963,3323,2/27/2015
"Southpaw",/movies/?id=southpaw2015.htm,"Wein.",52421953,2772,7/24/2015
"Insidious Chapter 3",/movies/?id=insidiouschapter3.htm,"Focus",52218558,3014,6/5/2015
"Poltergeist (2015)",/movies/?id=poltergeist2015.htm,"Fox",47425125,3242,5/22/2015
"Jupiter Ascending",/movies/?id=jupiterascending.htm,"WB",47387723,3181,2/6/2015
"Sicario",/movies/?id=sicario.htm,"LGF",46889293,2620,9/18/2015
"The Man From U.N.C.L.E.",/movies/?id=uncle.htm,"WB",45445109,3673,8/14/2015
"Spotlight",/movies/?id=spotlight.htm,"ORF",45055776,1227,11/6/2015
"McFarland, USA",/movies/?id=mcfarland.htm,"BV",44482410,2792,2/20/2015
"The Gift (2015)",/movies/?id=blumhousejuly2015.htm,"STX",43787265,2503,8/7/2015
"Everest (2015)",/movies/?id=everest2015.htm,"Uni.",43482270,3009,9/18/2015
"The Night Before",/movies/?id=xmas2015.htm,"Sony",43047372,2960,11/20/2015
"Krampus",/movies/?id=krampus.htm,"Uni.",42725475,2919,12/4/2015
"Max (2015)",/movies/?id=max2015.htm,"WB",42656255,2870,6/26/2015
"The Age of Adaline",/movies/?id=ageofadaline.htm,"LGF",42629776,3070,4/24/2015
"Brooklyn",/movies/?id=brooklyn.htm,"FoxS",38322743,962,11/4/2015
"The Longest Ride",/movies/?id=thelongestride.htm,"Fox",37446117,3371,4/10/2015
"The Boy Next Door",/movies/?id=boynextdoor.htm,"Uni.",35423380,2615,1/23/2015
"Pan",/movies/?id=pan.htm,"WB",35088320,3515,10/9/2015
"Hot Pursuit",/movies/?id=witherspoonvergara.htm,"WB (NL)",34580201,3037,5/8/2015
"Concussion (2015)",/movies/?id=concussion2015.htm,"Sony",34542474,2841,12/25/2015
"The DUFF",/movies/?id=duff.htm,"LGF",34030343,2622,2/20/2015
"Woman in Gold",/movies/?id=womaningold.htm,"Wein.",33307793,2011,4/1/2015
"The Second Best Exotic Marigold Hotel",/movies/?id=bestexotic2.htm,"FoxS",33078266,2022,3/6/2015
"Unfriended",/movies/?id=cybernatural.htm,"Uni.",32482090,2775,4/17/2015
"Entourage",/movies/?id=entourage.htm,"WB",32363404,3108,6/3/2015
"Paper Towns",/movies/?id=papertowns.htm,"Fox",32000304,3031,7/24/2015
"Chappie",/movies/?id=chappie.htm,"Sony",31569268,3201,3/6/2015
"Crimson Peak",/movies/?id=crimsonpeak.htm,"Uni.",31090320,2991,10/16/2015
"A Walk in the Woods",/movies/?id=walkinthewoods.htm,"BG",29504281,2158,9/2/2015
"Point Break (2015)",/movies/?id=pointbreak2015.htm,"WB",28782481,2910,12/25/2015
"Sinister 2",/movies/?id=sinister2.htm,"Focus",27740955,2799,8/21/2015
"The Last Witch Hunter",/movies/?id=lastwitchhunter.htm,"LG/S",27367660,3082,10/23/2015
"No Escape",/movies/?id=coup.htm,"Wein.",27288872,3415,8/26/2015
"Ricki and the Flash",/movies/?id=rickiandtheflash.htm,"TriS",26822144,2064,8/7/2015
"The Woman in Black 2: Angel of Death",/movies/?id=womaninblack2.htm,"Rela.",26501323,2602,1/2/2015
"Run All Night",/movies/?id=runallnight.htm,"WB",26461644,3171,3/13/2015
"Love the Coopers",/movies/?id=lovethecoopers.htm,"LGF",26302731,2603,11/13/2015
"The Lazarus Effect",/movies/?id=lazarus.htm,"Rela.",25801047,2666,2/27/2015
"Ex Machina",/movies/?id=exmachina.htm,"A24",25442958,2004,4/10/2015
"In the Heart of the Sea",/movies/?id=heartofthesea.htm,"WB",25020758,3103,12/11/2015
"The Gallows",/movies/?id=newlinehorror2015.htm,"WB (NL)",22764410,2720,7/10/2015
"Hitman: Agent 47",/movies/?id=hitman47.htm,"Fox",22467450,3273,8/21/2015
"Project Almanac",/movies/?id=almanac.htm,"Par.",22348241,2900,1/30/2015
"Black or White",/movies/?id=blackorwhite.htm,"Rela.",21571189,1823,1/30/2015
"Aloha",/movies/?id=crowe2014.htm,"Sony",21067116,2815,5/29/2015
"",undefined,"-",NaN,NaN,/2015
"",undefined,"-",NaN,NaN,/2015
"American Sniper",/movies/?id=americansniper.htm,"WB",350126372,3885,12/25/2014
"The Hunger Games: Mockingjay - Part 1",/movies/?id=hungergames3.htm,"LGF",337135885,4151,11/21/2014
"Guardians of the Galaxy",/movies/?id=marvel2014a.htm,"BV",333176600,4088,8/1/2014
"Captain America: The Winter Soldier",/movies/?id=marvel14b.htm,"BV",259766572,3938,4/4/2014
"The LEGO Movie",/movies/?id=lego.htm,"WB",257760692,3890,2/7/2014
"The Hobbit: The Battle of the Five Armies",/movies/?id=hobbit3.htm,"WB (NL)",255119788,3875,12/17/2014
"Transformers: Age of Extinction",/movies/?id=transformers4.htm,"Par.",245439076,4233,6/27/2014
"Maleficent",/movies/?id=maleficient.htm,"BV",241410378,3948,5/30/2014
"X-Men: Days of Future Past",/movies/?id=xmen2014.htm,"Fox",233921534,4001,5/23/2014
"Big Hero 6",/movies/?id=disney2014.htm,"BV",222527828,3773,11/7/2014
"Dawn of the Planet of the Apes",/movies/?id=dawnoftheapes.htm,"Fox",208545589,3969,7/11/2014
"The Amazing Spider-Man 2",/movies/?id=amazingspiderman2.htm,"Sony",202853933,4324,5/2/2014
"Godzilla (2014)",/movies/?id=godzilla2012.htm,"WB",200676069,3952,5/16/2014
"22 Jump Street",/movies/?id=21jumpstreet2.htm,"Sony",191719337,3426,6/13/2014
"Teenage Mutant Ninja Turtles (2014)",/movies/?id=tmnt2013.htm,"Par.",191204754,3980,8/8/2014
"Interstellar",/movies/?id=interstellar.htm,"Par.",188020017,3561,11/5/2014
"How to Train Your Dragon 2",/movies/?id=howtotrainyourdragon2.htm,"Fox",177002924,4268,6/13/2014
"Gone Girl",/movies/?id=gonegirl.htm,"Fox",167767189,3284,10/3/2014
"Divergent",/movies/?id=divergent.htm,"LG/S",150947895,3936,3/21/2014
"Neighbors",/movies/?id=townies.htm,"Uni.",150157400,3311,5/9/2014
"Ride Along",/movies/?id=ridealong.htm,"Uni.",134938200,2867,1/17/2014
"Rio 2",/movies/?id=rio2.htm,"Fox",131538435,3975,4/11/2014
"Into the Woods",/movies/?id=intothewoods.htm,"BV",128002372,2833,12/25/2014
"Lucy",/movies/?id=lucy.htm,"Uni.",126663600,3202,7/25/2014
"The Fault in our Stars",/movies/?id=faultinourstars.htm,"Fox",124872350,3340,6/6/2014
"Unbroken",/movies/?id=unbroken.htm,"Uni.",115637895,3301,12/25/2014
"Night at the Museum: Secret of the Tomb",/movies/?id=nightatthemuseum3.htm,"Fox",113746621,3914,12/19/2014
"Mr. Peabody & Sherman",/movies/?id=mrpeabodyandsherman.htm,"Fox",111506430,3951,3/7/2014
"300: Rise of An Empire",/movies/?id=300sequel.htm,"WB",106580051,3490,3/7/2014
"The Maze Runner",/movies/?id=mazerunner.htm,"Fox",102427862,3638,9/19/2014
"The Equalizer",/movies/?id=equalizer.htm,"Sony",101530738,3236,9/26/2014
"Noah",/movies/?id=noah.htm,"Par.",101200044,3571,3/28/2014
"Edge of Tomorrow",/movies/?id=allyouneediskill.htm,"WB",100206256,3505,6/6/2014
"Non-Stop",/movies/?id=nonstop.htm,"Uni.",92168600,3183,2/28/2014
"Heaven is for Real",/movies/?id=heavenisforreal.htm,"TriS",91443253,3048,4/16/2014
"The Imitation Game",/movies/?id=imitationgame.htm,"Wein.",91125683,2402,11/28/2014
"Dumb and Dumber To",/movies/?id=dumberto.htm,"Uni.",86208010,3188,11/14/2014
"Annie (2014)",/movies/?id=annie2014.htm,"Sony",85911262,3197,12/19/2014
"Fury (2014)",/movies/?id=fury2014.htm,"Sony",85817906,3313,10/17/2014
"Tammy",/movies/?id=tammy.htm,"WB (NL)",84525432,3465,7/2/2014
"Annabelle",/movies/?id=newlinehorror.htm,"WB (NL)",84273813,3215,10/3/2014
"The Other Woman (2014)",/movies/?id=otherwoman14.htm,"Fox",83911193,3306,4/25/2014
"Penguins of Madagascar",/movies/?id=penguinsofmadagascar.htm,"Fox",83350911,3775,11/26/2014
"Let's Be Cops",/movies/?id=letsbecops.htm,"Fox",82390774,3140,8/13/2014
"The Monuments Men",/movies/?id=monumentsmen.htm,"Sony",78031620,3083,2/7/2014
"Hercules (2014)",/movies/?id=hercules2014.htm,"Par.",72688614,3595,7/25/2014
"The Purge: Anarchy",/movies/?id=purge2.htm,"Uni.",71962800,2856,7/18/2014
"Alexander and the Terrible, Horrible, No Good, Very Bad Day",/movies/?id=alexanderbadday.htm,"BV",66954149,3117,10/10/2014
"Think Like a Man Too",/movies/?id=thinklikeaman2.htm,"SGem",65182182,2225,6/20/2014
"Exodus: Gods and Kings",/movies/?id=exodus.htm,"Fox",65014513,3503,12/12/2014
"The Nut Job",/movies/?id=nutjob.htm,"ORF",64251541,3472,1/17/2014
"God's Not Dead",/movies/?id=godsnotdead.htm,"Free",60755732,1860,3/21/2014
"Son of God",/movies/?id=sonofgod.htm,"Fox",59700064,3271,2/28/2014
"The Grand Budapest Hotel",/movies/?id=grandbudapesthotel.htm,"FoxS",59301324,1467,3/7/2014
"Planes: Fire & Rescue",/movies/?id=planes2.htm,"BV",59165787,3839,7/18/2014
"RoboCop (2014)",/movies/?id=robocop2013.htm,"Sony",58607007,3372,2/12/2014
"Dracula Untold",/movies/?id=dracula.htm,"Uni.",56280355,2900,10/10/2014
"Horrible Bosses 2",/movies/?id=horriblebosses2.htm,"WB",54445357,3400,11/26/2014
"The Hundred-Foot Journey",/movies/?id=100foot.htm,"BV",54240821,2167,8/8/2014
"No Good Deed (2014)",/movies/?id=nogooddeed13.htm,"SGem",52543632,2175,9/12/2014
"Selma",/movies/?id=selma.htm,"Par.",52076908,2235,12/25/2014
"Muppets Most Wanted",/movies/?id=muppets2.htm,"BV",51183113,3194,3/21/2014
"Ouija",/movies/?id=ouija.htm,"Uni.",50856010,2899,10/24/2014
"The Boxtrolls",/movies/?id=laika2014.htm,"Focus",50837305,3464,9/26/2014
"Jack Ryan: Shadow Recruit",/movies/?id=jackryan.htm,"Par.",50577412,3387,1/17/2014
"If I Stay",/movies/?id=ifistay.htm,"WB (NL)",50474843,3157,8/22/2014
"The Book of Life (2014)",/movies/?id=bookoflife14.htm,"Fox",50151543,3113,10/17/2014
"About Last Night (2014)",/movies/?id=aboutlastnight14.htm,"SGem",48637684,2253,2/14/2014
"Into The Storm",/movies/?id=intothestorm.htm,"WB (NL)",47602194,3434,8/8/2014
"The Judge",/movies/?id=judge.htm,"WB",47119388,3003,10/10/2014
"Jersey Boys",/movies/?id=jerseyboys.htm,"WB",47047013,2905,6/20/2014
"Blended",/movies/?id=blended.htm,"WB",46294610,3555,5/23/2014
"The Giver",/movies/?id=giver.htm,"Wein.",45090374,3003,8/15/2014
"St. Vincent",/movies/?id=stvincent.htm,"Wein.",44137712,2552,10/10/2014
"Need for Speed",/movies/?id=needforspeed.htm,"BV",43577636,3115,3/14/2014
"A Million Ways to Die in the West",/movies/?id=millionwaystodie.htm,"Uni.",43139300,3160,5/30/2014
"John Wick",/movies/?id=johnwick.htm,"LG/S",43037835,2589,10/24/2014
"Birdman",/movies/?id=birdman.htm,"FoxS",42340598,1213,10/17/2014
"Dolphin Tale 2",/movies/?id=dolphintale2.htm,"WB",42024533,3656,9/12/2014
"The Expendables 3",/movies/?id=expendables3.htm,"LGF",39322544,3221,8/15/2014
"Earth to Echo",/movies/?id=echo.htm,"Rela.",38934842,3230,7/2/2014
"Sex Tape",/movies/?id=sextape.htm,"Sony",38543473,3062,7/18/2014
"Wild (2014)",/movies/?id=wild2014.htm,"FoxS",37880356,1361,12/3/2014
"Million Dollar Arm",/movies/?id=milliondollararm.htm,"BV",36457627,3019,5/16/2014
"The Theory of Everything",/movies/?id=theoryofeverything.htm,"Focus",35893537,1220,11/7/2014
"This is Where I Leave You",/movies/?id=thisiswhereileaveyou.htm,"WB",34296320,2868,9/19/2014
"The Gambler",/movies/?id=gambler.htm,"Par.",33680992,2494,12/25/2014
"Paranormal Activity: The Marked Ones",/movies/?id=paranormalactivity5.htm,"Par.",32462372,2883,1/3/2014
"Nightcrawler",/movies/?id=nightcrawlers.htm,"ORF",32381217,2766,10/31/2014
"Chef",/movies/?id=chef.htm,"ORF",31424003,1298,5/9/2014
"Get On Up",/movies/?id=getonup.htm,"Uni.",30703100,2469,8/1/2014
"3 Days to Kill",/movies/?id=threedaystokill.htm,"Rela.",30697999,2872,2/21/2014
"Deliver Us From Evil",/movies/?id=bewarethenight.htm,"SGem",30577122,3049,7/2/2014
"When the Game Stands Tall",/movies/?id=whenthegamestandstall.htm,"TriS",30127963,2766,8/22/2014
"Draft Day",/movies/?id=draftday.htm,"LG/S",28842237,2781,4/11/2014
"Oculus",/movies/?id=oculus.htm,"Rela.",27695246,2648,4/11/2014
"The Best of Me",/movies/?id=bestofme.htm,"Rela.",26766213,2936,10/17/2014
"A Walk Among the Tombstones",/movies/?id=walktombstones.htm,"Uni.",26307600,2714,9/19/2014
"That Awkward Moment",/movies/?id=areweofficiallydating.htm,"Focus",26068955,2809,1/31/2014
"Boyhood",/movies/?id=boyhood.htm,"IFC",25352281,775,7/11/2014
"",undefined,"-",NaN,NaN,/2014
"",undefined,"-",NaN,NaN,/2014
"The Hunger Games: Catching Fire",/movies/?id=catchingfire.htm,"LGF",424668047,4163,11/22/2013
"Iron Man 3",/movies/?id=ironman3.htm,"BV",409013994,4253,5/3/2013
"Frozen",/movies/?id=frozen2013.htm,"BV",400738009,3742,11/22/2013
"Despicable Me 2",/movies/?id=despicableme2.htm,"Uni.",368061265,4003,7/3/2013
"Man of Steel",/movies/?id=superman2012.htm,"WB",291045518,4207,6/14/2013
"Gravity",/movies/?id=gravity.htm,"WB",274092705,3820,10/4/2013
"Monsters University",/movies/?id=monstersinc2.htm,"BV",268492764,4004,6/21/2013
"The Hobbit: The Desolation of Smaug",/movies/?id=hobbit2.htm,"WB (NL)",258366855,3928,12/13/2013
"Fast & Furious 6",/movies/?id=fast6.htm,"Uni.",238679850,3771,5/24/2013
"Oz The Great and Powerful",/movies/?id=oz.htm,"BV",234911825,3912,3/8/2013
"Star Trek Into Darkness",/movies/?id=startrek12.htm,"Par.",228778661,3907,5/16/2013
"Thor: The Dark World",/movies/?id=thor2.htm,"BV",206362140,3841,11/8/2013
"World War Z",/movies/?id=worldwarz.htm,"Par.",202359711,3607,6/21/2013
"The Croods",/movies/?id=croods.htm,"Fox",187168425,4065,3/22/2013
"The Heat",/movies/?id=bullockmccarthy.htm,"Fox",159582188,3184,6/28/2013
"We're the Millers",/movies/?id=werethemillers.htm,"WB (NL)",150394119,3445,8/7/2013
"American Hustle",/movies/?id=davido2013.htm,"Sony",150117807,2629,12/13/2013
"The Great Gatsby (2013)",/movies/?id=greatgatsby2012.htm,"WB",144840419,3550,5/10/2013
"The Conjuring",/movies/?id=conjuring.htm,"WB (NL)",137400141,3115,7/19/2013
"Identity Thief",/movies/?id=identitythief.htm,"Uni.",134506920,3230,2/8/2013
"Grown Ups 2",/movies/?id=grownups2.htm,"Sony",133668525,3491,7/12/2013
"The Wolverine",/movies/?id=wolverine2.htm,"Fox",132556852,3924,7/26/2013
"Anchorman 2: The Legend Continues",/movies/?id=anchorman2.htm,"Par.",125168368,3507,12/18/2013
"Lone Survivor",/movies/?id=lonesurvivor.htm,"Uni.",125095601,3285,12/25/2013
"G.I. Joe: Retaliation",/movies/?id=gijoe2.htm,"Par.",122523060,3734,3/28/2013
"Cloudy with a Chance of Meatballs 2",/movies/?id=cloudy2.htm,"Sony",119793567,4001,9/27/2013
"Now You See Me",/movies/?id=nowyouseeme.htm,"LG/S",117723989,3082,5/31/2013
"The Wolf of Wall Street",/movies/?id=wolfofwallstreet.htm,"Par.",116900694,2557,12/25/2013
"Lee Daniels' The Butler",/movies/?id=butler.htm,"Wein.",116632095,3330,8/16/2013
"The Hangover Part III",/movies/?id=hangover3.htm,"WB",112200072,3565,5/23/2013
"Epic",/movies/?id=leafmen.htm,"Fox",107518682,3894,5/24/2013
"Captain Phillips",/movies/?id=captainphillips.htm,"Sony",107100855,3143,10/11/2013
"Jackass Presents: Bad Grandpa",/movies/?id=badgrandpa.htm,"Par.",102003019,3345,10/25/2013
"Pacific Rim",/movies/?id=pacificrim.htm,"WB",101802906,3285,7/12/2013
"This is the End",/movies/?id=rogenhilluntitled.htm,"Sony",101470202,3055,6/12/2013
"Olympus Has Fallen",/movies/?id=olympushasfallen.htm,"FD",98925640,3106,3/22/2013
"42",/movies/?id=42.htm,"WB",95020213,3405,4/12/2013
"Elysium",/movies/?id=elysium.htm,"TriS",93050117,3284,8/9/2013
"Planes",/movies/?id=planes.htm,"BV",90288712,3716,8/9/2013
"The Lone Ranger",/movies/?id=loneranger.htm,"BV",89302115,3904,7/3/2013
"Oblivion",/movies/?id=oblivion.htm,"Uni.",89107235,3792,4/19/2013
"Insidious Chapter 2",/movies/?id=insidious2.htm,"FD",83586447,3155,9/13/2013
"Saving Mr. Banks",/movies/?id=savingmrbanks.htm,"BV",83301580,2671,12/13/2013
"Turbo",/movies/?id=turbo.htm,"Fox",83028128,3809,7/17/2013
"2 Guns",/movies/?id=2guns.htm,"Uni.",75612460,3028,8/2/2013
"White House Down",/movies/?id=whitehousedown.htm,"Sony",73103784,3222,6/28/2013
"Mama",/movies/?id=mama.htm,"Uni.",71628180,2781,1/18/2013
"Safe Haven",/movies/?id=safehaven.htm,"Rela.",71349120,3223,2/14/2013
"The Smurfs 2",/movies/?id=smurfs2.htm,"Sony",71017784,3867,7/31/2013
"The Best Man Holiday",/movies/?id=bestman2.htm,"Uni.",70525195,2041,11/15/2013
"Percy Jackson: Sea of Monsters",/movies/?id=percyjackson2.htm,"Fox",68559554,3080,8/7/2013
"A Good Day to Die Hard",/movies/?id=diehard5.htm,"Fox",67349198,3555,2/14/2013
"Warm Bodies",/movies/?id=warmbodies.htm,"LG/S",66380662,3009,2/1/2013
"Jack the Giant Slayer",/movies/?id=jackthegiantkiller.htm,"WB (NL)",65187603,3525,3/1/2013
"The Purge",/movies/?id=purge.htm,"Uni.",64473115,2591,6/7/2013
"Last Vegas",/movies/?id=lastvegas.htm,"CBS",63914167,3237,11/1/2013
"Ender's Game",/movies/?id=endersgame.htm,"LG/S",61737191,3407,11/1/2013
"Prisoners",/movies/?id=prisoners.htm,"WB",61002302,3290,9/20/2013
"After Earth",/movies/?id=1000ae.htm,"Sony",60522097,3401,5/31/2013
"The Secret Life of Walter Mitty",/movies/?id=waltermitty.htm,"Fox",58236838,2922,12/25/2013
"Escape From Planet Earth",/movies/?id=escapefromplanetearth.htm,"Wein.",57012977,3353,2/15/2013
"12 Years a Slave",/movies/?id=twelveyearsaslave.htm,"FoxS",56671993,1474,10/18/2013
"Free Birds",/movies/?id=turkeys.htm,"Rela.",55750480,3736,11/1/2013
"Hansel and Gretel: Witch Hunters",/movies/?id=hanselandgretelwitchhunters.htm,"Par.",55703475,3375,1/25/2013
"Evil Dead (2013)",/movies/?id=evildead2013.htm,"TriS",54239856,3025,4/5/2013
"Red 2",/movies/?id=red2.htm,"LG/S",53262560,3016,7/19/2013
"Tyler Perry's A Madea Christmas",/movies/?id=madeachristmas.htm,"LGF",52543354,2194,12/13/2013
"Tyler Perry's Temptation: Confessions of a Marriage Counselor",/movies/?id=marriagecounselor.htm,"LGF",51975354,2047,3/29/2013
"The Call",/movies/?id=call2013.htm,"TriS",51872378,2507,3/15/2013
"Pain and Gain",/movies/?id=painandgain.htm,"Par.",49875291,3303,4/26/2013
"Gangster Squad",/movies/?id=gangstersquad.htm,"WB",46000903,3103,1/11/2013
"Jurassic Park 3D",/movies/?id=jurassicpark3d.htm,"Uni.",45385935,2778,4/5/2013
"The Internship",/movies/?id=internship.htm,"Fox",44672764,3399,6/7/2013
"Instructions Not Included",/movies/?id=instructionsnotincluded.htm,"LGF",44467206,978,8/30/2013
"Snitch",/movies/?id=snitch.htm,"LG/S",42930462,2511,2/22/2013
"Riddick",/movies/?id=riddick.htm,"Uni.",42025135,3117,9/6/2013
"A Haunted House",/movies/?id=hauntedhouse.htm,"ORF",40041683,2160,1/11/2013
"47 Ronin",/movies/?id=47ronin.htm,"Uni.",38362475,2690,12/25/2013
"August: Osage County",/movies/?id=augustosagecounty.htm,"Wein.",37738810,2411,12/27/2013
"Philomena",/movies/?id=philomena.htm,"Wein.",37709979,1225,11/22/2013
"The Family (2013)",/movies/?id=malavita.htm,"Rela.",36918811,3091,9/13/2013
"Walking with Dinosaurs",/movies/?id=walkingwithdinosaurs.htm,"Fox",36076121,3243,12/20/2013
"Carrie (2013)",/movies/?id=carrie2013.htm,"SGem",35266619,3157,10/18/2013
"Texas Chainsaw 3D",/movies/?id=texaschainsaw3d.htm,"LGF",34341945,2659,1/4/2013
"R.I.P.D.",/movies/?id=ripd.htm,"Uni.",33618855,2852,7/19/2013
"Blue Jasmine",/movies/?id=bluejasmine.htm,"SPC",33405481,1283,7/26/2013
"Kevin Hart: Let Me Explain",/movies/?id=kevinhart2013.htm,"LG/S",32244051,892,7/3/2013
"Side Effects (2013)",/movies/?id=bitterpill.htm,"ORF",32172757,2605,2/8/2013
"Scary Movie 5",/movies/?id=scarymovie5.htm,"W/Dim.",32015787,3402,4/12/2013
"The Mortal Instruments: City of Bones",/movies/?id=mortalinstruments.htm,"SGem",31165421,3118,8/21/2013
"Delivery Man",/movies/?id=deliveryman.htm,"BV",30664106,3036,11/22/2013
"Grudge Match",/movies/?id=grudgematch.htm,"WB",29807260,2856,12/25/2013
"One Direction: This is Us",/movies/?id=onedirection.htm,"TriS",28873374,2735,8/30/2013
"Kick-Ass 2",/movies/?id=kickass2.htm,"Uni.",28795985,2945,8/16/2013
"Dallas Buyers Club",/movies/?id=dallasbuyersclub.htm,"Focus",27298285,1110,11/1/2013
"Rush (2013)",/movies/?id=rush2013.htm,"Uni.",26947624,2308,9/20/2013
"The Host (2013)",/movies/?id=host2013.htm,"ORF",26627201,3202,3/29/2013
"The World's End",/movies/?id=worldsend.htm,"Focus",26004851,1553,8/23/2013
"21 and Over",/movies/?id=21andover.htm,"Rela.",25682380,2771,3/1/2013
"Her (2013)",/movies/?id=her2013.htm,"WB",25568251,1729,12/18/2013
"",undefined,"-",NaN,NaN,/2013
"",undefined,"-",NaN,NaN,/2013
"Marvel's The Avengers",/movies/?id=avengers11.htm,"BV",623357910,4349,5/4/2012
"The Dark Knight Rises",/movies/?id=batman3.htm,"WB",448139099,4404,7/20/2012
"The Hunger Games",/movies/?id=hungergames.htm,"LGF",408010692,4137,3/23/2012
"Skyfall",/movies/?id=bond23.htm,"Sony",304360277,3526,11/9/2012
"The Hobbit: An Unexpected Journey",/movies/?id=hobbit.htm,"WB (NL)",303003568,4100,12/14/2012
"The Twilight Saga: Breaking Dawn Part 2",/movies/?id=breakingdawn2.htm,"LG/S",292324737,4070,11/16/2012
"The Amazing Spider-Man",/movies/?id=spiderman4.htm,"Sony",262030663,4318,7/3/2012
"Brave",/movies/?id=bearandthebow.htm,"BV",237283207,4164,6/22/2012
"Ted",/movies/?id=ted.htm,"Uni.",218815487,3303,6/29/2012
"Madagascar 3: Europe's Most Wanted",/movies/?id=madagascar3.htm,"P/DW",216391482,4263,6/8/2012
"Dr. Seuss' The Lorax",/movies/?id=lorax.htm,"Uni.",214030500,3769,3/2/2012
"Wreck-It Ralph",/movies/?id=rebootralph.htm,"BV",189422889,3752,11/2/2012
"Lincoln",/movies/?id=lincoln.htm,"BV",182207973,2293,11/9/2012
"MIB 3",/movies/?id=mib3.htm,"Sony",179020854,4248,5/25/2012
"Django Unchained",/movies/?id=djangounchained.htm,"Wein.",162805434,3012,12/25/2012
"Ice Age: Continental Drift",/movies/?id=iceage4.htm,"Fox",161321843,3886,7/13/2012
"Snow White and the Huntsman",/movies/?id=snowwhiteandthehuntsman.htm,"Uni.",155332381,3777,6/1/2012
"Les Miserables (2012)",/movies/?id=lesmiserables2012.htm,"Uni.",148809770,2927,12/25/2012
"Hotel Transylvania",/movies/?id=hoteltransylvania.htm,"Sony",148313048,3375,9/28/2012
"Taken 2",/movies/?id=taken2.htm,"Fox",139854287,3706,10/5/2012
"21 Jump Street",/movies/?id=21jumpstreet.htm,"Sony",138447667,3148,3/16/2012
"Argo",/movies/?id=argo.htm,"WB",136025503,3247,10/12/2012
"Silver Linings Playbook",/movies/?id=silverliningsplaybook.htm,"Wein.",132092958,2809,11/16/2012
"Prometheus",/movies/?id=prometheus.htm,"Fox",126477084,3442,6/8/2012
"Safe House",/movies/?id=safehouse.htm,"Uni.",126373434,3121,2/10/2012
"The Vow",/movies/?id=vow.htm,"SGem",125014030,3038,2/10/2012
"Life of Pi",/movies/?id=lifeofpi.htm,"Fox",124987023,2946,11/21/2012
"Magic Mike",/movies/?id=magicmike.htm,"WB",113721571,3120,6/29/2012
"The Bourne Legacy",/movies/?id=bourne4.htm,"Uni.",113203870,3753,8/10/2012
"Journey 2: The Mysterious Island",/movies/?id=journey2.htm,"WB (NL)",103860290,3500,2/10/2012
"Rise of the Guardians",/movies/?id=guardians.htm,"P/DW",103412758,3672,11/21/2012
"Zero Dark Thirty",/movies/?id=binladen.htm,"Sony",95720716,2946,12/19/2012
"Flight",/movies/?id=flight.htm,"Par.",93772375,2638,11/2/2012
"Think Like a Man",/movies/?id=thinklikeaman.htm,"SGem",91547205,2052,4/20/2012
"The Campaign",/movies/?id=rivals.htm,"WB",86907746,3302,8/10/2012
"The Expendables 2",/movies/?id=expendables2.htm,"LGF",85028192,3355,8/17/2012
"Wrath of the Titans",/movies/?id=clashofthetitans2.htm,"WB",83670083,3545,3/30/2012
"Jack Reacher",/movies/?id=oneshot.htm,"Par.",80070736,3352,12/21/2012
"Dark Shadows",/movies/?id=darkshadows.htm,"WB",79727149,3755,5/11/2012
"Parental Guidance",/movies/?id=parentalguidance.htm,"Fox",77267296,3368,12/25/2012
"John Carter",/movies/?id=johncarterofmars.htm,"BV",73078100,3749,3/9/2012
"Act of Valor",/movies/?id=actofvalor.htm,"Rela.",70012847,3053,2/24/2012
"This Is 40",/movies/?id=apatow.htm,"Uni.",67544505,2931,12/21/2012
"Contraband",/movies/?id=contraband.htm,"Uni.",66528000,2870,1/13/2012
"Looper",/movies/?id=loopers.htm,"TriS",66486205,2993,9/28/2012
"Tyler Perry's Madea's Witness Protection",/movies/?id=madeaswitnessprotection.htm,"LGF",65653242,2161,6/29/2012
"Battleship",/movies/?id=battleship.htm,"Uni.",65422625,3702,5/18/2012
"Pitch Perfect",/movies/?id=pitchperfect.htm,"Uni.",65001093,2787,9/28/2012
"Mirror Mirror",/movies/?id=untitledsnowwhite.htm,"Rela.",64935167,3618,3/30/2012
"Chronicle (2012)",/movies/?id=chronicle2012.htm,"Fox",64575175,2908,2/3/2012
"Hope Springs",/movies/?id=greathopesprings.htm,"Sony",63536011,2441,8/8/2012
"Underworld Awakening",/movies/?id=underworld4.htm,"SGem",62321039,3078,1/20/2012
"The Lucky One",/movies/?id=luckyone.htm,"WB",60457138,3175,4/20/2012
"The Dictator",/movies/?id=dictator.htm,"Par.",59650222,3014,5/16/2012
"Total Recall (2012)",/movies/?id=totalrecall2012.htm,"Sony",58877969,3601,8/3/2012
"Titanic 3D",/movies/?id=titanic3d.htm,"Par.",57884114,3674,4/4/2012
"American Reunion",/movies/?id=americanreunion.htm,"Uni.",57011521,3203,4/6/2012
"ParaNorman",/movies/?id=paranorman.htm,"Focus",56003051,3455,8/17/2012
"This Means War",/movies/?id=thismeanwar.htm,"Fox",54760791,3189,2/17/2012
"Project X",/movies/?id=projectx2011.htm,"WB",54731865,3055,3/2/2012
"The Woman in Black",/movies/?id=womaninblack.htm,"CBS",54333290,2856,2/3/2012
"Paranormal Activity 4",/movies/?id=paranormalactivity4.htm,"Par.",53900335,3412,10/19/2012
"The Devil Inside",/movies/?id=devilinside.htm,"Par.",53261944,2551,1/6/2012
"The Odd Life of Timothy Green",/movies/?id=oddlifeoftimothygreen.htm,"BV",51854875,2717,8/15/2012
"Ghost Rider: Spirit of Vengeance",/movies/?id=ghostrider2.htm,"Sony",51774002,3174,2/17/2012
"The Grey",/movies/?id=grey.htm,"ORF",51580236,3208,1/27/2012
"Red Tails",/movies/?id=redtails.htm,"Fox",49876377,2573,1/20/2012
"The Possession",/movies/?id=dibbukbox.htm,"LGF",49130154,2860,8/31/2012
"Diary of a Wimpy Kid: Dog Days",/movies/?id=diaryofawimpykid3.htm,"Fox",49008662,3401,8/3/2012
"Sinister",/movies/?id=sinister.htm,"LG/S",48086903,2542,10/12/2012
"Beauty and the Beast (3D)",/movies/?id=beautyandthebeast3d.htm,"BV",47617067,2625,1/13/2012
"Savages (2012)",/movies/?id=savages12.htm,"Uni.",47382068,2635,7/6/2012
"The Best Exotic Marigold Hotel",/movies/?id=bestexoticmarigoldhotel.htm,"FoxS",46412041,1298,5/4/2012
"Moonrise Kingdom",/movies/?id=moonrisekingdom.htm,"Focus",45512466,924,5/25/2012
"Here Comes the Boom",/movies/?id=herecomestheboom.htm,"Sony",45290318,3014,10/12/2012
"Red Dawn (2012)",/movies/?id=reddawn10.htm,"FD",44806783,2781,11/21/2012
"The Three Stooges",/movies/?id=threestooges.htm,"Fox",44338224,3482,4/13/2012
"Star Wars: Episode I - The Phantom Menace (in 3D)",/movies/?id=starwars3d.htm,"Fox",43456382,2655,2/10/2012
"Resident Evil: Retribution",/movies/?id=residentevil5.htm,"SGem",42345531,3016,9/14/2012
"The Cabin in the Woods",/movies/?id=cabininthewoods.htm,"LGF",42073277,2811,4/13/2012
"What to Expect When You're Expecting",/movies/?id=whattoexpect.htm,"LGF",41152203,3021,5/18/2012
"Finding Nemo (3D)",/movies/?id=findingnemo3d.htm,"BV",41128283,2904,9/14/2012
"End of Watch",/movies/?id=endofwatch.htm,"ORF",41003371,2780,9/21/2012
"Rock of Ages",/movies/?id=rockofages.htm,"WB (NL)",38518613,3470,6/15/2012
"Abraham Lincoln: Vampire Hunter",/movies/?id=abrahamlincolnvampirehunter.htm,"Fox",37519139,3109,6/22/2012
"Lawless",/movies/?id=wettestcountry.htm,"Wein.",37400127,3138,8/29/2012
"The Guilt Trip",/movies/?id=mymotherscurse.htm,"Par.",37134215,2431,12/19/2012
"That's My Boy",/movies/?id=ihateyoudad.htm,"Sony",36931089,3030,6/15/2012
"Trouble with the Curve",/movies/?id=troublewiththecurve.htm,"WB",35763137,3212,9/21/2012
"The Watch",/movies/?id=neighborhoodwatch.htm,"Fox",35353000,3168,7/27/2012
"Frankenweenie",/movies/?id=frankenweenie.htm,"BV",35291068,3005,10/5/2012
"Step Up Revolution",/movies/?id=stepup4.htm,"LG/S",35074677,2606,7/27/2012
"Tyler Perry's Good Deeds",/movies/?id=gooddeeds.htm,"LGF",35025791,2132,2/24/2012
"Monsters, Inc. (3D)",/movies/?id=monstersinc3d.htm,"BV",34043006,2618,12/19/2012
"2016 Obama's America",/movies/?id=2016obamasamerica.htm,"RM",33449086,2017,7/13/2012
"House at the End of The Street",/movies/?id=houseattheendofthestreet.htm,"Rela.",31611916,3083,9/21/2012
"The Pirates! Band of Misfits",/movies/?id=pirates12.htm,"Sony",31051126,3358,4/27/2012
"Joyful Noise",/movies/?id=joyfulnoise.htm,"WB",30932113,2735,1/13/2012
"Chimpanzee",/movies/?id=chimpanzee.htm,"BV",28972764,1567,4/20/2012
"The Five-Year Engagement",/movies/?id=fiveyearengagement.htm,"Uni.",28835528,2941,4/27/2012
"",undefined,"-",NaN,NaN,/2012
"",undefined,"-",NaN,NaN,/2012
